pos_x,pos_y,v,theta
4.46,0.2,0.0,1.5707963267948966
4.459999999990601,0.20021977162337654,0.02907732872503803,1.5707964123315266
4.459999999680851,0.200878276997338,0.05804755542380571,1.5707971820257984
4.459999997574095,0.201973892511617,0.08691006911184074,1.5707993173577
4.459999989796133,0.20350498529037359,0.1156642548752329,1.5708034962463377
4.459999968933259,0.20546991313508403,0.14430949417911887,1.5708103926007373
4.459999922890872,0.20786702447201624,0.17284516517486886,1.5708206758808947
4.459999833773808,0.2106946583042255,0.20127064300597242,1.570835010668409
4.459999676789493,0.21395114416799102,0.2295853001126452,1.5708540562460471
4.459999419175008,0.2176348020936026,0.2577885065351852,1.5708784661856243
4.459999019149074,0.22174394257039803,0.28587963021611257,1.5709088879436097
4.459998424889953,0.22627686651593942,0.3138580373011271,1.5709459624638937
4.459997573540244,0.2312318652492118,0.3417230924389208,1.570990323787185
4.459996390239458,0.23660722046771585,0.36947415907987957,1.5710425986665288
4.459994787185295,0.24240120422832287,0.39711059977370905,1.5711034061884743
4.459992662724471,0.24861207893175255,0.4246317764660139,1.5711733573994402
4.459989900473921,0.2552380973105292,0.4520370507938614,1.5712530549368644
4.459986368473189,0.2622775024202691,0.4793257843803522,1.57134309266475
4.459981918368757,0.2697285276341472,0.5064973391282189,1.5714440553132478
4.459976384631105,0.2775893966403901,0.5335510775124686,1.5715565181219529
4.459969583805166,0.28585832344264167,0.5604863628720786,1.571681046486617
4.459961313794921,0.2945335123630453,0.5873025597007515,1.571818195609015
4.45995135318277,0.3036131580478904,0.6139990339367245,1.5719685101497272
4.459939460584362,0.31309544547567064,0.6405751532516282,1.572132523883649
4.459925374039464,0.32297854996740427,0.6670302873383762,1.5723107593580465
4.459908810439509,0.33326063719907195,0.693363808198062,1.5725037275530342
4.459889464992369,0.3439398632160296,0.7195750904258327,1.5727119275443695
4.459867010724921,0.35501437444926287,0.7456635114956989,1.5729358461684988
4.45984109802393,0.36648230773335233,0.7716284520442311,1.5731759576898237
4.45981135421574,0.378341790326029,0.7974692961530847,1.5734327234701915
4.45977738318526,0.390590939929207,0.8231854316302843,1.5737065916406465
4.459738765034705,0.40322786471138733,0.8487762502901923,1.5739979967755247
4.45969505578249,0.4162506633313412,0.874241148232069,1.574307359568996
4.4596457871027,0.4296574249629861,0.8995795261171287,1.5746350865142111
4.459590466105493,0.44344622932138444,0.9247907894439799,1.5749815695852387
4.459528575158774,0.4576151466898035,0.9498743488223294,1.5753471859220167
4.459459571751453,0.4721622379477886,0.9748296202448166,1.5757322975185861
4.459382888398568,0.48708555460021613,0.9996560253568345,1.5761372509149074
4.459297932588495,0.5023831388073053,1.0243529917241823,1.5765623768926034
4.459204086772488,0.5180530234155828,1.0489199530983782,1.5770079901750071
4.459100708396683,0.5340932319898085,1.0733563496794583,1.5774743891319376
4.458987129976732,0.5505017788458861,1.097661628376064,1.5779618554896568
4.458862659215133,0.5672766690847983,1.1218352430626175,1.5784706540465054
4.458726579161331,0.58441589862762,1.1458766548333694,1.5790010323947508
4.458578148414578,0.6019174542516814,1.1697853322530904,1.579553220649214
4.458416601369528,0.6197793136279658,1.193560751604167,1.5801274311832825
4.458241148504468,0.637999445359845,1.217202397129855,1.5807238583729417
4.4580509767120695,0.6565758090232697,1.2407097612734237,1.5813426783495015
4.457845249672438,0.6755063552085481,1.2640823449129266,1.5819840487617123
4.457623108268259,0.6947890255638595,1.28731965759131,1.582648108548004
4.457383671041714,0.7144217528406692,1.3104212177415726,1.5833349777195964
4.4571260346928145,0.7344024609412171,1.3333865529066773,1.584044757155262
4.456849274618755,0.7547290649682754,1.356215199953903,1.5847775284085357
4.4565524454937835,0.7753994712773762,1.3789067052833248,1.585533353528182
4.45623458188906,0.7964115775317261,1.4014606250301054,1.586312274892745
4.455894698931905,0.8177632727600352,1.4238765252602594,1.5871143150600155
4.455531793003741,0.8394524374174978,1.446153982159578,1.5879394766322459
4.455144842476011,0.8614769434501706,1.4682925822153612,1.5887877421379517
4.4547328084832465,0.8838346543630062,1.4902919223906406,1.5896590739311243
4.454294635732406,0.9065234252917992,1.5121516102905468,1.5905534141086732
4.453829253347544,0.9295411030793157,1.5338712643204917,1.5914706844468949
4.4533355757487705,0.9528855263558753,1.5554505138358343,1.5924107863577404
4.4528125035644255,0.9765545256246586,1.5768889992827035,1.5933736008656343
4.452258924575284,1.0005459233520178,1.5981863723296583,1.5943589886055471
4.451673714689576,1.0248575340630586,1.619342295989873,1.5953667898429924
4.451055738947498,1.049487164442771,1.6403564447335381,1.5963968245165687
4.45040385255385,1.0744326134429707,1.661228504590198,1.597448892303611
4.449716901937371,1.0996916723953152,1.68195817324073,1.5985227727094549
4.4489937258352334,1.125262125130648,1.7025451600987158,1.5996182251807531
4.448233156401166,1.1511417481049155,1.7229891863809432,1.60073498924321
4.447434020335557,1.1773283105318852,1.7432899851668235,1.6018727846640193
4.446595140035848,1.2038195745228932,1.7634473014465024,1.6030313116392139
4.445715334765503,1.2306132952338167,1.7834608921574824,1.6042102510060403
4.444793421839753,1.2577072210194686,1.803330526209593,1.605409264480388
4.4438282178262805,1.2850990935955795,1.8230559844981655,1.606627994919199
4.442818539758985,1.3127866482085189,1.8426370599052997,1.6078660666076954
4.4417632063629275,1.3407676138128877,1.8620735572891371,1.6091230855711522
4.440661039288502,1.3690397132570875,1.8813652934610812,1.6103986399108488
4.439510864352892,1.3976006634769504,1.9005120971509326,1.6116923001637264
4.43831151278684,1.4264481756974878,1.91951380895995,1.6130036196851767
4.437061822484721,1.4555799556427917,1.9383702813018557,1.614332135054288
4.435760639255947,1.4849937037540937,1.9570813783318597,1.6156773665007758
4.434406818075717,1.5146871154159576,1.9756469758637922,1.6170388183527247
4.432999224333093,1.544657881190561,1.9940669612754711,1.6184159795041826
4.431536735074488,1.5749036870599784,2.012341233402463,1.6198083239015546
4.4300182402405595,1.6054222146763666,2.030469702420426,1.6212153110476621
4.428442643894633,1.6362111416199097,2.0484522897162534,1.622636386522261
4.426808865440747,1.6672681416643578,2.0662889277482663,1.624070982517733
4.425115840829467,1.698590885049969,2.083979559895737,1.6255185183886125
4.423362523749689,1.7301770387636253,2.1015241402980394,1.626978401213547
4.421547886804663,1.7620242668258757,2.11892263368377,1.6284500263682506
4.419670922670554,1.7941302305846263,2.1361750151901857,1.6299327781079649
4.417730645235905,1.8264925890151706,2.1532812701733453,1.6314260301579198
4.415726090720456,1.8591089990262344,2.170241394009351,1.632929146310262
4.413656318771802,1.891977115771677,2.1870553918871143,1.6344414810259105
4.411520413538502,1.925094592967472,2.203723278593084,1.6359623800397982
4.409317484718293,1.9584590832135718,2.2202450782883876,1.637491180967963
4.407046668580145,1.992068238320229,2.236620824278859,1.6390272139149753
4.404707128959015,2.025919709638348,2.2528505587784258,1.6405698020802038
4.402298058222194,2.0600111483934,2.268934332666343,1.6421182623614667
4.399818678206274,2.0943402060224416,2.2848722052387775,1.643671905954646
4.397268241123817,2.128904534513744,2.3006642439552256,1.6452300389478984
4.39464603043893,2.1637017867485446,2.316310524180282,1.6467919629091432
4.39195136171101,2.1987296168444113,2.3318111289212444,1.6483569754655805
4.389183583406039,2.2339856804997034,2.3471661485620685,1.6499243708740434
4.386342077674876,2.269467635338614,2.362375680594158,1.6514934405810713
4.383426261098115,2.3051731412562653,2.37743982934448,1.653063473771656
4.3804355853971035,2.341099860763323,2.3923587057014943,1.6546337579056993
4.37736953811089,2.377245459329614,2.4071324268393575,1.6562035792412895
4.374227643238851,2.4136076057261984,2.4217611159408743,1.6577722233439924
4.371009461848915,2.4501839723653878,2.436244901919633,1.6593389755814372
4.367714592651323,2.4869722356381683,2.4505839191417698,1.6609031216025465
4.364342672537964,2.523970076248525,2.464778307147774,1.6624639478008616
4.3608933770873834,2.5611751795441373,2.478828210374737,1.6640207417614772
4.357366421035632,2.598585235842954,2.4927337778794416,1.6655727926911905
4.353761558713209,2.636197940755145,2.5064951630626386,1.667119391831543
4.350078584448347,2.674010995499942,2.520112523394886,1.6686598328545095
4.346317332937054,2.7120221072168924,2.5335860201442575,1.670193412240662
4.342477679580236,2.750228989271066,2.5469158181062483,1.6717194296397047
4.338559540788428,2.7886293615517554,2.560102085336161,1.6732371882133419
4.334562874254558,2.8272209507642425,2.57314499288424,1.6747459949605055
4.330487679195334,2.8660014907141966,2.5860447145338132,1.6762451610250229
4.326333996561788,2.904968722584301,2.5988014265426735,1.677734001985866
4.322101909219601,2.9441203952027157,2.6114153073878956,1.6792118381301673
4.317791542099833,2.9834542653029916,2.623886537514303,1.6806779947092398
4.3134030623207344,3.022968097775085,2.636215299086741,1.682131802177876
4.308936679281286,3.062659665907113,2.648401775746316,1.6835725964172423
4.304392644727218,3.1025267516175346,2.660446152370739,1.6849997189417196
4.29977125279018,3.1425671456774342,2.6723486148388877,1.686412517090066
4.295072840000822,3.1827786479226186,2.684109349799689,1.6878103442013117
4.2902977852765165,3.2231590674552497,2.6957285444454113,1.6891925597758137
4.28544650988446,3.263706222834743,2.7072063862894225,1.6905585296219188
4.28051947738093,3.3044179422576936,2.718543062948482,1.6919076259886987
4.275517193527427,3.3452920637266015,2.729738761929598,1.693239227685236
4.270440206184473,3.386326435207177,2.7407936704214726,1.6945527201869441
4.265289105183812,3.427518914774039,2.751707975090552,1.6958474957294178
4.260064522179764,3.4688673707446145,2.7624818618816738,1.6971229533903083
4.254767130480477,3.5103696818010883,2.773115515823312,1.6983784991597235
4.249397644859801,3.552023737100238,2.7836091208373794,1.6996135459996524
4.24395682135053,3.593827436371035,2.79396285955357,1.7008275138929085
4.238445457019711,3.635778689999876,2.8041769131281886,1.7020198298820863
4.232864389726739,3.6778754191033554,2.8142514610674136,1.7031899280990161
4.2272144978649075,3.7201155555884693,2.824186681054948,1.7043372497851956
4.22149670008712,3.762497042200189,2.8339827487839693,1.7054612433036702
4.215711955016408,3.805017832556326,2.8436398377933223,1.706561364142821
4.209861260941904,3.8476758911696423,2.8531581193078615,1.7076370749125116
4.20394565550091,3.8904691934571636,2.862537762082865,1.7086878453330283
4.197966215347666,3.9333957257366645,2.8717789322524205,1.7097131522172435
4.191924055809432,3.9764534852103113,2.880881793181695,1.7107124794464128
4.185820330530435,4.019640479935453,2.8898465053229745,1.7116853179400033
4.17965623110428,4.062954728782568,2.8986732260753882,1.7126311656199404
4.173432986695337,4.106394261380376,2.9073621096481905,1.7135495273696433
4.16715186364965,4.149957118048137,2.9159133069274983,1.7144399149882066
4.160814165095866,4.193641349715184,2.9243269653463773,1.7153018471400678
4.154421230536668,4.237445017827717,2.9326032287581465,1.7161348493004938
4.147974435431204,4.281366194242903,2.9407422373127985,1.7169384536971921
4.141475190768924,4.325402961110373,2.948744127336407,1.7177121992483546
4.134924942635304,4.369553410741137,2.9566090312134086,1.7184556314974115
4.12832517176983,4.413815645464035,2.9643370772716344,1.7191683025447715
4.121677393116666,4.458187777469763,2.9719283896699715,1.7198497709768026
4.114983155368375,4.502667928642605,2.9793830882885333,1.720499601792298
4.108244040503037,4.547254230379925,2.9867012886212123,1.7211173663266588
4.101461663315143,4.591944823399544,2.993883101670507,1.7217026421740091
4.094637670940547,4.636737857535104,3.000928633844477,1.7222550131074508
4.087773742375819,4.681631491519525,3.007837986855731,1.7227740689976472
4.0808715879922675,4.726623892756666,3.0146112576223087,1.7232594057299222
4.073932949044912,4.771713237081336,3.0212485381703442,1.7237106251200376
4.066959597176674,4.816897708507754,3.027749915538382,1.7241273348288109
4.059953333918007,4.862175498966598,3.0341154716832426,1.7245091482757207
4.052915990182212,4.907544808030796,3.040345283387298,1.724855684551634
4.045849425756644,4.953003842630153,3.0464394221670577,1.7251665683307844
4.03875552878999,4.998550816755022,3.052397954182932,1.7254414297821152
4.031636215275835,5.044183951149099,3.0582209401500693,1.725679904480099
4.024493428532644,5.08990147299154,3.0639084352501467,1.7258816333151272
4.017329138680336,5.135701615568522,3.069460489043994,1.726046262403561
4.010145342113601,5.181582617934428,3.074877145384945,1.726173442997525
4.002944060972052,5.227542724562796,3.0801584423327966,1.7262628313945152
3.9957273426073585,5.2735801849872015,3.0853044120682735,1.7263140888468846
3.988497259047457,5.319693253432241,3.0903150808078723,1.7263268814712658
3.981255906457914,5.365880188434776,3.0951904687189833,1.7263008801579773
3.9740054046005358,5.412139252455601,3.099930589835181,1.7262357604804572
3.9667478962892897,5.45846871148173,3.1045354519715653,1.7261312026047575
3.9594855468435908,5.504866834619442,3.1090050566400533,1.7259868911991278
3.9522205435389917,5.5513318936782845,3.1133393989645084,1.725802515343708
3.9449550950553363,5.5978621627462015,3.1175384675955935,1.7255777684403457
3.9376914309223747,5.644455917755967,3.1216022446252496,1.7253123481225436
3.930431800962879,5.691111436043097,3.1255307055006827,1.7250059561655393
3.923178474733253,5.737826995895433,3.129323818937755,1.7246582983965157
3.915933740961648,5.784600876094568,3.132981546833668,1.7242690846049282
3.9086999069835624,5.831431355449311,3.136503844178838,1.7238380284529327
3.9014792981749236,5.87831671232136,3.139890658967843,1.723364847385891
3.894274257382616,5.925255224143388,3.1431419321093386,1.7228492625429226
3.887087144352428,5.972245166929713,3.1462575973348397,1.7222909986674635
3.8799203351543854,6.019284814779749,3.149237581106239,1.7216897840177907
3.872776221605421,6.066372439374436,3.152081802521968,1.7210453502774632
3.8656572106893345,6.1135063094658175,3.1547901732216737,1.720357432465618
3.8585657239739812,6.160684690359983,3.157362597289311,1.719625768847063
3.851504197025644,6.20790584339355,3.1597989711545145,1.7188501008420904
3.8444750788205075,6.255168025403876,3.162099183492155,1.718030172935935
3.83748083115317,6.302469488193225,3.1642631151199367,1.7171657325877874
3.830523928042136,6.349808477987041,3.166290638893937,1.716256530139269
3.823606855132185,6.397183234886556,3.1681816196019397,1.7153023187222618
3.816732109093568,6.444591992315903,3.1699359138544536,1.7143028541659826
3.809902197017927,6.492032976463972,3.1715533699732736,1.7132578949031734
3.803119635810874,6.539504405721136,3.173033827877455,1.7121672018752767
3.7963869515811286,6.587004490111127,3.1743771189665617,1.7110305384364488
3.7897066790261498,6.634531430718187,3.175583066001045,1.7098476702562517
3.783081360814155,6.682083419109741,3.1766514829796084,1.7086183652208546
3.7765135469624704,6.729658636754761,3.177582175013398,1.707342393332556
3.7700057942121017,6.777255254438023,3.178374938196881,1.706019526607429
3.7635606653984683,6.824871431670468,3.179029559475218,1.7046495389708707
3.757180728818212,6.872505316095853,3.1795458165079973,1.7032322061508176
3.7508685575920127,6.9201550428938665,3.179923477529112,1.7017673055683769
3.744626729023339,6.967818734179954,3.1801623012026354,1.700254616225591
3.7384578239530715,7.015494498401992,3.1802620364744723,1.6986939185900383
3.7323644261099442,7.063180429734043,3.1802224224195985,1.6970849944759436
3.7263491214567512,7.110874607467361,3.180043188084676,1.6954276269214437
3.7204144975322846,7.158575095398839,3.1797240523258123,1.6937216000616202
3.7145631427889665,7.20627994121709,3.1792647236412415,1.691966698996887
3.7087976459261633,7.25398717588635,3.1786648999986666,1.6901627096562655
3.703120595219174,7.3016948130283685,3.1779242686570193,1.6883094186550596
3.6975345778439013,7.349400848302467,3.177042505982337,1.6864066131463769
3.692042179197233,7.397103258783958,3.176019277257489,1.684454080665908
3.686645982213182,7.444800002341072,3.174854236485422,1.6824516089693082
3.681348566674844,7.492489017010552,3.1735470261856036,1.680398985861468
3.6761525085222657,7.54016822037209,3.1720972771833096,1.6782959990168893
3.6710603791563496,7.587835508921746,3.1705046083913717,1.6761424357903052
3.666074744738916,7.635488757444491,3.168768626583998,1.6739380830165937
3.661198165489126,7.683125818386002,3.166888926162217,1.671682726798938
3.6564331949764695,7.7307445212238335,3.164865088910495,1.6693761522840806
3.651782379410565,7.778342671838088,3.162696683744029,1.6670181434233906
3.647248256928094,7.825918051881658,3.160383266446172,1.6646084827183398
3.6428333568771976,7.873468418150143,3.157924379395422,1.6621469509488396
3.6385401990997615,7.9209915019514945,3.155319551281346,1.6596333268827725
3.6343712932120398,7.9684850084754375,3.1525682968087736,1.6570673869648151
3.630329137884183,8.015946616162694,3.1496701163895025,1.6544489049821565
3.626416220119279,8.063373976073997,3.1466244958207223,1.651777651704433
3.6226350145326625,8.110764711258895,3.143430905949285,1.6490533944954413
3.6189879826322855,8.15811641612424,3.140088802320876,1.646275896893826
3.6154775721010934,8.205426655802327,3.1365976248130574,1.643444918159241
3.612106216082458,8.25269296551847,3.1329567972510315,1.6405602127800376
3.6088763324698863,8.2999128499579,3.129165727004885,1.6376215299380779
3.605790323202387,8.34708378263172,3.125223804566918,1.634628612925727
3.602850573567057,8.394203205241624,3.1211304031075393,1.6315811985093946
3.6000594515106994,8.441268527043013,3.116884878008043,1.6284790162332183
3.597419306962491,8.488277124206085,3.112486566368377,1.6253217876555697
3.594932471170043,8.535226339174372,3.107934786487842,1.6221092255099865
3.592601256051509,8.58211348002006,3.103228837316359,1.618841032780891
3.590427953566775,8.628935819795403,3.098367997873726,1.615516901682963
3.5884148351112217,8.675690595879301,3.0933515266339207,1.6121365125312968
3.586564150936051,8.722375009318036,3.088178660871146,1.6086995324873925
3.58487812959977,8.76898622415896,3.0828486159639015,1.6052056141635476
3.583358977456137,8.815521366775677,3.0773605846528302,1.6016543940652457
3.5820088781846975,8.861977525183107,3.071713736247541,1.598045490847567
3.580829992371008,8.908351748340447,3.065907215776878,1.5943785033572926
3.5798244571448206,8.954641045439779,3.0599401430763273,1.5906530084271184
3.578994385885887,9.000842385177625,3.053811611805266,1.5868685583819109
3.5783418680086854,9.046952695006368,3.0475206883856076,1.583024678208987
3.5778689688394074,9.092968860361786,3.0410664108520207,1.5791208623345117
3.5775777296009554,9.138887723862418,3.034447787602222,1.5751565709357709
3.5774701675246967,9.18470608447559,3.027663796033818,1.5711312257035364
3.5775482761113646,9.230420696644012,3.0207133810516877,1.5670442049490387
3.577814025568042,9.276028269365664,3.013595453426843,1.5628948379248226
3.578269363453836,9.321525465218272,3.0063088879838986,1.5586823981961753
3.578916215573985,9.366908899317885,2.998852521589529,1.5544060958572599
3.579756487171228,9.412175138198828,2.991225150908269,1.550065068329945
3.580792064474932,9.457320698599533,2.983425529884313,1.5456583694083235
3.5820248166836595,9.502342046135137,2.9754523668980437,1.541184956110418
3.5834565984767752,9.547235593833213,2.9673043215329993,1.53664367275924
3.585089253177327,9.591997700502912,2.958980000871765,1.5320332315209784
3.586924616724402,9.636624668899948,2.9504779552160687,1.5273521883521197
3.58896452266272,9.681112743639094,2.9417966730946103,1.5225989129076698
3.5912108084266943,9.725458108791317,2.9329345753778764,1.517771550371024
3.593665323295716,9.769656885082213,2.9238900082561274,1.5128679722680032
3.59632993854347,9.813705126579181,2.9146612347447,1.5078857119249696
3.5992065605245815,9.85759881671187,2.905246424242602,1.5028218779670321
3.6022971477857095,9.901333863405217,2.895643639456148,1.4976730354557497
3.605603733845462,9.94490609300193,2.8858508196540713,1.492435037609031
3.609117652606227,9.988312163649908,2.8758704838220566,1.4876008367279832
3.6127551087214114,10.031555506218726,2.8657330290023433,1.4861549569483494
3.6164329629902205,10.074640673746929,2.8554686095539674,1.4851257243153333
3.6201435038093246,10.11756636112662,2.8450802791509084,1.4840135349052637
3.623889758693407,10.160330368535977,2.83456744408531,1.482819281029046
3.6276746704575755,10.202930482573638,2.8239294681300926,1.481543824986817
3.6315010979215367,10.245364475070875,2.8131656725872984,1.4801880005727976
3.635371816532969,10.287630101951706,2.8022753362806805,1.478752614457761
3.639289518914955,10.32972510213847,2.7912576954936297,1.4772384474541331
3.643256815341989,10.371647196500472,2.7801119438531834,1.4756462556705503
3.6472762341488045,10.413394086843526,2.7688372321605605,1.4739767715617786
3.651350222075931,10.454963454938234,2.7574326681683514,1.4722307048788166
3.655481144555701,10.496352961585051,2.745897316304204,1.4704087435228745
3.659671285942186,10.537560245714205,2.734230197340523,1.4685115543058396
3.6639228496884106,10.57858292351858,2.7224302880093982,1.4665397836187124
3.668237958474076,10.619418587617815,2.7104965205616054,1.464494058008365
3.672618654286923,10.660064806251784,2.6984277822682183,1.4623749846617615
3.677066898460857,10.700519122501719,2.6862229148629178,1.4601831517954786
3.6815845716739477,10.740779053537185,2.673880713922698,1.4579191289469353
3.686173473909461,10.780842089887102,2.6613999281841725,1.4555834671621222
3.690835324383212,10.820705694732924,2.6487792587921577,1.453176699072781
3.695571761440657,10.860367303222096,2.6360173584765647,1.450699338853828
3.700384342427391,10.899824321799638,2.6231128306529845,1.448151882049283
3.7052745435370174,10.939074127555731,2.6100642284414715,1.4455348052519201
3.7102437596407607,10.97811406758687,2.5968700535971094,1.4428485656181842
3.7152933041036977,11.016941458367961,2.5835287553448003,1.4400936001954039
3.72042440859314,11.055553585132454,2.570038729109359,1.4372703250327743
3.72563822288553,11.093947701257152,2.5563983151303766,1.4343791340406173
3.7309358146792437,11.132121027648004,2.5426057969493425,1.4314203975536757
3.736318169422015,11.17007075212249,2.5286593997541025,1.428394460543032
3.7417861901633627,11.207794028783546,2.5145572885627514,1.4253016404069212
3.7473406974445274,11.245287977379068,2.5002975662253597,1.4221422242520945
3.7529824292411442,11.282549682639907,2.485878271217261,1.4189164655529876
3.7587120409773993,11.319576193587775,2.4712973751917255,1.4156245800435565
3.764530105634999,11.3563645228027,2.4565527802522262,1.4122667406531506
3.7704371139862976,11.392911645637213,2.4416423158946507,1.4088430712385904
3.776433474988989,11.4292144993614,2.4265637355568206,1.4053536387829084
3.7825195163905345,11.465269982218729,2.41131471269537,1.4017984436166064
3.7886954856053467,11.50107495236709,2.395892836286615,1.398177407053766
3.794961550948285,11.536626226671922,2.380295605615774,1.3944903555974506
3.8013178033371458,11.571920579307768,2.3645204241736937,1.3907370005151807
3.8077642586188984,11.606954740109789,2.348564592415463,1.386916911046477
3.814300860736691,11.64172539259529,2.3324252990403322,1.383029478660467
3.8209274860493303,11.676229171543202,2.3160996103092284,1.3790738684163564
3.8276439492635967,11.710462659970355,2.2995844566934696,1.3750489511874133
3.8344500116821143,11.744422385264988,2.2828766157885605,1.3709532064874503
3.8413453928827925,11.778104814107277,2.265972689819148,1.3667845782003005
3.8483297876910023,11.811506345576927,2.2488690749758327,1.3625402508370144
3.8554028917461096,11.84462330141438,2.231561917746977,1.358216282546072
3.8625644420141283,11.877451911508231,2.214047049054281,1.3538069564592192
3.869814285917327,11.909988290593978,2.1963198766646213,1.349303507092236
3.87715251389845,11.9422283962915,2.178375186830806,1.3446911837847577
3.8845797743518062,11.974167936042182,2.1602066902165475,1.3399402399229206
3.8921267336185457,12.005794989452713,2.1417681314463195,1.3331662626300904
3.8998197501196072,12.037097459134609,2.1230169074150536,1.326450845118119
3.9076518044533417,12.068070708819906,2.1039533323466815,1.31979497155295
3.915615814619371,12.098710201702247,2.0845777173988136,1.3131996251150777
3.9237046398336406,12.129011499864028,2.0648903706811392,1.3066657880094312
3.9319110843488048,12.158970263589966,2.044891597274103,1.300194441475099
3.94022790127798,12.188582250567762,2.02458169924786,1.293786565794935
3.9486477964199613,12.21784331497664,2.003960975681505,1.2874431403050737
3.95716343208409,12.24674940646462,1.9830297226825704,1.2811651434043627
3.965767430913012,12.275296569015534,1.9617882334068035,1.274953552563726
3.9744523797016913,12.303480939706787,1.9402367980782098,1.268809344335454
3.9832108332110705,12.331298747359016,1.918375704009372,1.2627334943624304
3.99203531797492,12.358746311078852,1.8962052356220402,1.2567269773872933
4.000918336098463,12.385820038696135,1.873725674467992,1.2507907672615337
4.009852369047471,12.412516425096891,1.8509372992501687,1.2449258369545357
4.018829881426636,12.438832050453584,1.827840385844083,1.2391331585625636
4.027843324746087,12.464763578354173,1.8044352073195,1.2334137033177028
4.0368851411750635,12.490307753831562,1.7807220339623984,1.2277684415967736
4.045947767281822,12.515461401295171,1.7567011332972111,1.222198342930293
4.055003378700937,12.540229275075358,1.7324247210548593,1.2183519206424185
4.064023827552525,12.564617486236333,1.7079498515327376,1.2147109533926812
4.073000852144281,12.588625594088754,1.6832854993515185,1.2112410959367566
4.081927041761068,12.612253041485017,1.658439196961894,1.2079244133991136
4.09079553120315,12.635499238538745,1.633417714566781,1.2047491640305237
4.099599871102187,12.65836359302397,1.608227336416802,1.2017067055803552
4.1083339572914035,12.68084552409314,1.58287400492473,1.1987901951319817
4.116991986792257,12.702944469020629,1.557363406435557,1.195993937440441
4.125568427847586,12.72465988656357,1.5317010267543385,1.1933130192538375
4.134057998159008,12.745991258533715,1.5058921892871235,1.1907430871396136
4.142455648272007,12.76693809037502,1.4799420824254292,1.1882802042454883
4.150756548368803,12.787499911176997,1.453855779899922,1.18592075358142
4.158956077413746,12.807676273370785,1.4276382563366061,1.1836613702401857
4.167049813978486,12.827466752255972,1.40129439942395,1.1814988924196126
4.175033528300512,12.84687094544999,1.3748290196163946,1.1794303251064968
4.182903175268922,12.865888472318115,1.3482468580032765,1.1774528125482873
4.190654888121453,12.884518973421317,1.3215525927831293,1.1755636169828974
4.198284972696883,12.902762110005883,1.2947508446586584,1.173760101925578
4.205789902127853,12.92061756355,1.267846181383176,1.172039718839533
4.213166311887887,12.938085035376671,1.2408431216305482,1.1703999963628016
4.220410995126878,12.955164246338404,1.2137461383190424,1.1688385314962757
4.227520898244216,12.971854936576282,1.1865596614893017,1.1673529823172988
4.234493116659826,12.988156865354268,1.1592880808145196,1.1659410618950563
4.2413248907516135,13.004069810968135,1.1319357478043155,1.1646005331636378
4.248013601934195,13.019593570727555,1.1045069777512924,1.163329204566342
4.254556768858614,13.034727961009187,1.0770060514596471,1.1621249263271938
4.260952043716544,13.049472817378199,1.0494372167877668,1.1609855872371844
4.267197208635471,13.063827994775245,1.0218046900309086,1.1599091118665341
4.273290172153742,13.077793367765862,0.9941126571654646,1.158893458132374
4.27922896576621,13.091368830848982,0.9663652749726241,1.1579366151651915
4.285011740532823,13.104554298821277,0.9385666720563028,1.1570366014282123
4.290636763743715,13.11734970719398,0.9107209497678053,1.1561914630523744
4.296102415635396,13.129755012658851,0.8828321830477386,1.1553992723562687
4.301407186153524,13.141770193599955,0.8549044211940853,1.1546581265257572
4.306549671758421,13.153395250648028,0.8269416885640167,1.1539661464322746
4.311528572270127,13.16463020727415,0.7989479852159241,1.1533214755722778
4.316342687750272,13.175475110419661,0.7709272874972207,1.1527222791131273
4.320990915418514,13.18593003115916,0.7428835485826863,1.1521667430329945
4.325472246601618,13.195995065393682,0.7148206989674728,1.1516530733442776
4.329785763713615,13.2056703345711,0.6867426469183256,1.1511794953915915
4.333930637265756,13.214955986430892,0.6586532788860993,1.1507442532166965
4.337906122905182,13.223852195770611,0.6305564598822342,1.1503456089838304
4.341711558481503,13.232359165231365,0.6024560338215056,1.1499818424598318
4.34534636114064,13.240477126099714,0.57435582383305,1.1496512505442174
4.348810024445459,13.248206339123579,0.5462596325414025,1.1493521468450454
4.352102115522884,13.255547095339686,0.5181712423190479,1.149082861296959
4.355222272237321,13.26249971691032,0.49009441551177546,1.148841739818293
4.358170200390332,13.269064557967084,0.46203289463794894,1.148627144004549
4.36094567094665,13.275242005459614,0.4339904025626365,1.1484374508559072
4.363548517286684,13.281032480007081,0.4059706426474,1.148271052536764
4.3659786324858105,13.286436436750597,0.3779772988764125,1.1481263561655646
4.368235966620791,13.291454366204574,0.3500140359594506,1.148001783633445
4.370320524103787,13.29608679510519,0.32208449941220324,1.1478957714504254
4.372232361044491,13.300334287254254,0.29419231561423653,1.1478067706180834
4.3739715826409595,13.30419744435674,0.26634109184486165,1.1477332465278232
4.375538340599856,13.307676906850398,0.23853441629707073,1.1476736788840107
4.376932830586798,13.310773354725882,0.210775858069622,1.1476265616514003
4.378155289707646,13.313487508335907,0.18306896713728288,1.147590403026403
4.379205994021576,13.31582012919201,0.15541727429916832,1.1475637254318847
4.380085256086854,13.317772020747556,0.127824291105043,1.1475450655352921
4.3807934225402905,13.319344029165645,0.10029350975939286,1.1475329742900209
4.381330871711396,13.320537044070699,0.07282840300300675,1.147526017000041
4.381698011272313,13.321351999282507,0.04543242397175149,1.147522773407903
4.381895275924649,13.321789873531525,0.018109006032161472,1.1475218378063379
4.381923125124378,13.321851691154386,-0.00913843740659076,1.1475218191737695
4.381782040846035,13.32153852276845,-0.03630651310483497,1.1475213413341372
4.3814725253874505,13.320851485924436,-0.06339184822920113,1.147519043141531
4.38099509921634,13.319791745736058,-0.09039109061467654,1.1475135786902249
4.380350298860095,13.318360515485693,-0.11730090905257824,1.1475036175507831
4.379538674840151,13.316559057205186,-0.14411799360514982,1.147487845033006
4.378560789652377,13.314388682230744,-0.17083905594754564,1.1474649624765678
4.377417215794936,13.311850751731118,-0.19746082973801748,1.14743368757029
4.376108533845146,13.308946677208063,-0.22398007101717046,1.14739275470108
4.3746353305868615,13.30567792096826,-0.2503935586372066,1.1473409153336527
4.3729981971899825,13.302045996565761,-0.27669809472212414,1.1472769384222419
4.371197727443702,13.298052469214054,-0.3028905051598894,1.1471996108555917
4.3692345160451564,13.293698956166896,-0.328967640127646,1.147107737936611
4.367109156945176,13.288987127066951,-0.3549263746510706,1.1470001438981425
4.3648222417528695,13.283918704261344,-0.38076360919902713,1.146875672456398
4.362374358200823,13.278495463083162,-0.40647627031471356,1.1467331874036695
4.359766088672711,13.272719232097941,-0.4320613112845267,1.1465715732420105
4.356998008795187,13.266591893314137,-0.4575157128459064,1.1463897358596393
4.354070686095905,13.260115382356545,-0.48283648393544387,1.1461866032518742
4.3509846787296285,13.253291688601578,-0.5080206624785583,1.145961126288456
4.34774053427435,13.246122855273285,-0.5330653162220567,1.145712279529146
4.344338788599421,13.238610979498937,-0.5579675436108954,1.1454390620894994
4.340779964807722,13.230758212322955,-0.58272447471045,1.145140498558715
4.337064572253903,13.222566758677862,-0.6073332721755788,1.1448156399714249
4.333193105640786,13.21403887731094,-0.631791132267729,1.1444635648352417
4.329166044196046,13.205176880665144,-0.6560952859212771,1.1440833802157786
4.324983850931256,13.195983134712764,-0.6802429998602235,1.143674222880731
4.320646971985497,13.186460058740312,-0.7042315777662599,1.1432352605044334
4.316155836055635,13.176610125082945,-0.728058361499107,1.1427656929340635
4.311510853915441,13.166435858806722,-0.7517207323698665,1.1422647535183854
4.306712418025722,13.155939837336872,-0.7752161124679424,1.1417317104995466
4.301760902237573,13.145124690030265,-0.7985419660418656,1.141165868468005
4.296656661590869,13.133993097690052,-0.8216958009340879,1.1405665698801288
4.29140003221007,13.122547792020537,-0.8446751700695067,1.1399331966373698
4.285991331299335,13.110791555020185,-0.8674776729971112,1.1392651717251794
4.2804308572388665,13.098727218310648,-0.8901009574837364,1.1385619609089546
4.274718889784321,13.086357662399667,-0.9125427211584293,1.1378230744833162
4.2688556903709545,13.07368581587568,-0.9348007132053999,1.1370480690698896
4.2628415025240525,13.060714654531933,-0.9568727361029239,1.1362365494574689
4.256676552376959,13.047447200417997,-0.9787566474048931,1.1353881704770303
4.250361049297807,13.033886520816534,-1.000450361560968,1.1345026389024797
4.243895186625771,13.020035727143318,-1.0219518517704689,1.1335797153662963
4.237279142517332,13.005897973768585,-1.0432591518642618,1.132619216277387
4.2305130809026545,12.991476456757955,-1.0643703582079387,1.1316210157264865
4.223597152551785,12.976774412531384,-1.0852836316185817,1.130585047362378
4.216531496249825,12.961795116438813,-1.1059971992863329,1.1295113062200839
4.209316240079736,12.946541881251491,-1.1265093566908808,1.128399850480047
4.201951502810787,12.931018055568373,-1.146818469501844,1.1272508031352244
4.194437395389975,12.915227022137252,-1.1669229754508899,1.1260643535410506
4.186774022533017,12.899172196090966,-1.1868213861623054,1.1248407588214298
4.178961484410715,12.882857023099369,-1.2065122889276523,1.1235803451024322
4.170999878425626,12.866284977438486,-1.2259943484091467,1.1222835085442404
4.162889301073097,12.849459559978841,-1.245266308255508,1.1209507161412737
4.154629849879783,12.832384296095736,-1.264326992613286,1.119582506260379
4.146221625411833,12.81506273350493,-1.283175307516131,1.118179488887646
4.137664733343968,12.797498440028043,-1.3018102421341498,1.116742345555856
4.128959286579793,12.779695001292728,-1.3202308698654643,1.1152718289268955
4.12010540741276,12.7616560183736,-1.3384363492523301,1.1137687620066872
4.1111032297164165,12.74338510538062,-1.356425924704805,1.1122340369743613
4.101952901151872,12.724885887002484,-1.3741989270159012,1.1106686136124402
4.092654585379788,12.706161996013286,-1.3917547736535072,1.109073517330712
4.083208464263794,12.687217070751435,-1.4090929688160863,1.1074498367830676
4.073614740051908,12.668054752580373,-1.4262131032412282,1.105798721083747
4.063873637522507,12.648678683341128,-1.4431148537585576,1.1041213766369244
4.053985406081451,12.629092502807113,-1.459797982581219,1.1024190636011664
4.0439503217973325,12.60929984615182,-1.4762623363330936,1.1006930920176998
4.033768689362355,12.589304341440101,-1.4925078448120357,1.0989448176383956
4.023440843967065,12.569109607153695,-1.5085345194926303,1.097175637495592
4.01296715307815,12.548719249761369,-1.5243424517751771,1.0953869852611293
4.002348018109585,12.528136861343748,-1.539931810990757,1.0935803264460124
3.991583875978708,12.507366017282282,-1.5553028421751938,1.0917571534948223
3.9806752005401798,12.486410274021207,-1.5704558636274457,1.0899189808302443
3.96962250389223,12.465273166910562,-1.5853912642703596,1.0880673399028584
3.958426337551134,12.443958208137468,-1.6001095008337298,1.0862037742997024
3.947087293491337,12.422468884751938,-1.6146110948812114,1.084329834962148
3.9356060050501673,12.400808656792481,-1.6288966297037708,1.0824470755595241
3.923983147697476,12.378980955515843,-1.6429667471030516,1.080557048059868
3.9122194396718832,12.35698918173412,-1.6568221440882727,1.0786612985334219
3.900315642486528,12.334836704261571,-1.6704635695100747,1.0767613632182749
3.8882725613082765,12.312526858472504,-1.6838918206541584,1.0748587648711208
3.8760910452153094,12.290062944970705,-1.6971077398166163,1.0729550094196856
3.863771987338765,12.2674482283701,-1.7101122108816416,1.0710515829271845
3.851316324894734,12.244685936185542,-1.7229061559208212,1.069149948873369
3.838725039113399,12.221779257832043,-1.7354905318315819,1.0672515457514387
3.825999155072408,12.198731343730142,-1.747866327030585,1.0653577849754359
3.8131397414417965,12.175545304514618,-1.760034558216019,1.0634700490887479
3.8001479101478077,12.152224210343407,-1.771996267210879,1.0615896902610458
3.7870248159629716,12.128771090303223,-1.7837525178974816,1.0597180290583827
3.7737716560296364,12.105188931908131,-1.7953043932516566,1.0578563534692202
3.7603896693239722,12.08148068068721,-1.8066529924833798,1.056005918167811
3.7468801360671886,12.057649239857275,-1.817799428288989,1.0541679439955631
3.733244377090399,12.03369747007656,-1.8287448242186612,1.0523436176406966
3.719483753159223,12.009628189275332,-1.8394903121614874,1.0505340914965788
3.7055996642638385,11.985444172559351,-1.8500370299492768,1.0487404836795522
3.6915935488798124,11.961148152182224,-1.860386119079151,1.0469638781877453
3.6774668832046475,11.936742817582724,-1.8705387225540777,1.0452053251832465
3.6632211803745927,11.912230815483332,-1.8804959828396792,1.0434658413810607
3.6488579896658786,11.88761475004637,-1.8902590399349852,1.0417464105294316
3.634378895684173,11.862897183084177,-1.8998290295542182,1.0400479839673036
3.6197855175456866,11.838080634320029,-1.909207081416264,1.038371481245812
3.6050795080530307,11.813167581696597,-1.9183943176381453,1.0367177908019127
3.5902625528685856,11.788160461728921,-1.9273918512285477,1.0350877706735346
3.575336369687869,11.763061669899022,-1.936200784677236,1.0334822492467144
3.560302707415086,11.737873561089483,-1.9448222086360762,1.0319020260262421
3.5451633453427984,11.712598450053395,-1.953257200687294,1.030347872422326
3.5299200923374086,11.687238611918316,-1.9615068241945999,1.0288205325467272
3.5145747860319316,11.66179628272198,-1.9695721272328162,1.027320724012668
3.499129292027327,11.636273659977629,-1.9774541415917035,1.0258491387335955
3.483585503103486,11.610672903267027,-1.9851538818497665,1.0244064437165894
3.467945338440796,11.584996134859287,-1.992672344513918,1.022993281846843
3.45221074285305,11.559245440353799,-2.000010507221011,1.02161027266021
3.43638368603235,11.533422869345646,-2.0071693279973797,1.0202580131013201
3.420466161806507,11.507530436112026,-2.014149744572675,1.0189370782652156
3.40446018740935,11.481570120318265,-2.0209526737444308,1.017648022120855
3.3883678027642365,11.455543867742149,-2.0275790107899714,1.0163913782151708
3.3721910697809965,11.429453591015335,-2.0340296289223936,1.015167660356678
3.355932071666426,11.403301170380766,-2.0403053787875542,1.0139773632778848
3.3395929122484054,11.377088454464992,-2.0464070879991256,1.0128209632759784
3.3231757153136443,11.350817261064488,-2.052335560708941,1.0116989188314616
3.3066826239589813,11.324489377945014,-2.0580915772100106,1.0106116712045639
3.29011579995615,11.298106563653258,-2.063675893569724,1.0095596450094018
3.273477423129838,11.271670548339902,-2.069089241290904,1.0085432487659713
3.2567696907488646,11.24518303459347,-2.0743323269985097,1.007562875430147
3.239994816930232,11.21864569828426,-2.0794058321499156,1.0066189029019497
3.2231550320557973,11.192060189417747,-2.0843104127668233,1.0057116945123987
3.206252582201273,11.165428132996936,-2.0890466991869725,1.004841599489316
3.189289728577243,11.138751129893048,-2.0936152958339425,1.0040089534024907
3.172268746981852,11.112030757724167,-2.0980167810034303,1.003214078588632
3.1551919272648172,11.085268571741311,-2.1022517066645037,1.0024572845565698
3.1380615728023837,11.058466105721577,-2.106320598274414,1.0017388683731618
3.1208799999828294,11.031624872867944,-2.1102239546056536,1.0010591150303807
3.1036495377021245,11.004746366715397,-2.1139622475840176,1.0004182977940483
3.0863725268693134,10.977832062043063,-2.117535922136526,0.9998166785346858
3.0690513199211997,10.950883415792044,-2.120945396048116,0.999254508040935
3.0516882803458993,10.92390186798869,-2.1241910598261113,0.9987320263159976
3.034285782214794,10.896888842673073,-2.1272732765715165,0.9982494628575239
3.0168462097224493,10.869845748832406,-2.1301923818562742,0.9978070369213662
2.9993719567340174,10.842773981339228,-2.1329486836056595,0.9974049577695911
2.9818654263396605,10.815674921894177,-2.135542461985058,0.9970434249031309
2.964329030415519,10.788549939973127,-2.1379739692904134,0.9967226282794233
2.9467651891907236,10.7614003937786,-2.1402434298417026,0.9964427485153752
2.9291763308199847,10.734227631195271,-2.1423510398788084,0.996203957075955
2.911564890961247,10.707032990749434,-2.144296967459243,0.9960064164486987
2.8939333123579116,10.679817802572373,-2.146081352357191,0.9958502803043845
2.8762840444251276,10.652583389367436,-2.1477043059633854,0.9957356936441092
2.858619542839631,10.62533106738082,-2.149165911185384,0.9956627929329689
2.8409422691326274,10.598062147375929,-2.150466222347825,0.9956317062205213
2.8232546902851876,10.570777935611225,-2.151605265092293,0.9956425532481783
2.8055592783256387,10.543479734821561,-2.1525830362764626,0.9956954455436459
2.787858509928423,10.516168845202863,-2.1533995038721963,0.9957904865025056
2.770154866013873,10.488846565400173,-2.154054606862334,0.9959277714569932
2.75245083134839,10.461514193498981,-2.1545482551359214,0.9961073877320052
2.734748894144456,10.434173028019792,-2.1548803293816636,0.9963294146883296
2.717051545659942,10.406824368915926,-2.155050680979412,0.9965939237530635
2.6993612797961504,10.37946951857447,-2.155059131889537,0.9969009784371486
2.6816805926940335,10.352109782820424,-2.154905474540048,0.9972506343399167
2.6640119823280135,10.32474647192393,-2.15458947171137,0.9976429391405041
2.6463579480968313,10.297380901610627,-2.1541108564187046,0.9980779325759531
2.6287209904108417,10.27001439407506,-2.153469331791937,0.9985556464057788
2.611103610275162,10.242648278997173,-2.152664570953088,0.9990761043627392
2.593508308868074,10.215283894561802,-2.1516962168913274,0.9996393220894996
2.5759375871140833,10.187922588481173,-2.1505638823356237,1.0002453070608377
2.5583939452509945,10.160565719020404,-2.149267149625109,1.0008940584909864
2.5408798823904077,10.133214656025928,-2.1478055705773063,1.0015855672256564
2.523397896070972,10.105870781956854,-2.146178666354394,1.0023198156182287
2.5059504818037643,10.078535492919194,-2.144385927327706,1.0030967773895456
2.488540132609122,10.051210199702979,-2.142426812940758,1.003916417470667
2.471169338544272,10.023896328822115,-2.1403007515710883,1.0047786918278887
2.453840586221049,9.996595323557052,-2.1380071403912866,1.0056835472692531
2.4365563583130165,9.969308645000115,-2.1355453452296382,1.0066309212317046
2.4193191330512716,9.942037773103472,-2.132914700430863,1.0076207415479632
2.402131383708191,9.914784207729678,-2.1301145087175004,1.0086529261921375
2.384995578068381,9.887549469704677,-2.1271440410525675,1.0097273830030948
2.3679141778860706,9.860335101873185,-2.124002536504181,1.0108440093851339
2.3508896383282853,9.833142670156253,-2.120689202112803,1.0120026919926566
2.3339354779631734,9.805966961305417,-2.11719172793578,1.0140146292248684
2.3170917666322772,9.778786909589181,-2.113462956007404,1.0180076260034503
2.300423703126297,9.751567877474422,-2.1093987012698467,1.0246570301908102
2.2839700593461805,9.724293834386831,-2.104947616978533,1.0312930259579733
2.267733366449431,9.696971566443622,-2.1001271320212282,1.0379144225230532
2.251715945798487,9.669607813103372,-2.0949369309676675,1.0445200560576888
2.235919978940766,9.64220937880384,-2.0893766951321067,1.0511087617350285
2.220347507281536,9.614783130461554,-2.0834461025769224,1.0576793737194834
2.205000431856486,9.587335994955383,-2.077144828116493,1.0642307251564915
2.1898805132050505,9.559874956597083,-2.070472543321393,1.070761648162297
2.17498937134543,9.53240705459195,-2.0634289165229114,1.0772709738137407
2.1603284858521974,9.504939380492578,-2.056013612817887,1.0837575321380661
2.1458991960372846,9.477479075648809,-2.0482262940738742,1.0902201521027426
2.131702701235063,9.450033328656906,-2.0400666189346266,1.096657661605302
2.117740061192184,9.422609372810967,-2.0315342428259124,1.103068887463198
2.1040121965627154,9.39521448355961,-2.0226288179616496,1.1094526554036792
2.090519889509091,9.367855975970897,-2.0133499933503716,1.115807790053685
2.077263784409264,9.340541202208506,-2.003697414802015,1.1221331149297629
2.0642443886704225,9.313277549022015,-1.9936707249350374,1.1284274524280042
2.051462073649513,9.286072435254269,-1.9832695631838615,1.134689623814008
2.0389170756807844,9.258933309368672,-1.972493565806646,1.1409184492128632
2.0266094972104556,9.231867646999213,-1.9613423658933846,1.1471127475991596
2.01453930803857,9.20488294852602,-1.949815593374332,1.1532713367870246
2.0027063466680177,9.177986736679193,-1.9379128750287617,1.1593930334201847
1.991110321760647,9.15118655417354,-1.9256338344940493,1.1654766529620577
1.9797508137003106,9.124489961376893,-1.9129780922750872,1.1715210096858726
1.9686272762626489,9.09790453401454,-1.8999452657540272,1.1775249166648196
1.9577390383913373,9.071437860912264,-1.8865349692003557,1.1834871857622327
1.9470853060804734,9.045097541780416,-1.8727468137812964,1.1894066276218018
1.9366651643627195,9.018891185041404,-1.8585804075725467,1.1952820516578222
1.9264775794027778,8.99282640570283,-1.8440353555693434,1.2011122660454734
1.9165214006956983,8.966910823278525,-1.82911125969786,1.206896077711138
1.9067953633695043,8.941152059759553,-1.8138077188269377,1.212632292322754
1.8972980905915482,8.915557737637245,-1.7981243287801472,1.2183197142802058
1.8880280960779836,8.890135477980198,-1.7820606823481844,1.2239571467057535
1.8789837867056964,8.864892898567046,-1.7656163693015987,1.2295433914345009
1.8701634652259989,8.839837612076805,-1.7487909764038552,1.2350772490049058
1.8615653330793633,8.814977224338401,-1.7315840874247317,1.2405575186493314
1.8531874933104326,8.790319332640932,-1.7139952831540493,1.2459829982846382
1.8450279535825296,8.765871524106085,-1.6960241414157384,1.2513524845028239
1.8370846292908518,8.74164137412406,-1.6776702370822407,1.256664772561704
1.8293553467735255,8.717636444854168,-1.6589331420892464,1.2619186563756406
1.8218378466196676,8.69386428379123,-1.6398124254507673,1.267112928506318
1.8145297870736026,8.670332422398705,-1.6203076532745486,1.2722463801535657
1.807428747534351,8.647048374809438,-1.6004183887778174,1.2773178011462303
1.8005322321495174,8.624019636594713,-1.5801441923033666,1.282325979933098
1.793837673502687,8.601253683602188,-1.5594846213359814,1.287269703573868
1.7873424363934456,8.578757970863213,-1.5384392305192014,1.2921477577301794
1.781043821709135,8.556539931569805,-1.5170075716724238,1.2969589266566894
1.7749390703874655,8.534606976121468,-1.4951891938083464,1.3017019931922065
1.7690253674691057,8.512966491241917,-1.4729836431507517,1.30637573875088
1.7632998462393912,8.491625839165568,-1.4503904631526319,1.3109789433134467
1.757759592458297,8.470592356893562,-1.427409194514657,1.3155103854185315
1.7524016486778442,8.449873355518902,-1.4040393752039861,1.319968842154012
1.7472230186461197,8.429476119620157,-1.3802805404734253,1.3243530891484379
1.742220671797119,8.409407906723006,-1.3561322228809283,1.3286619005625155
1.737391547825643,8.389675946828763,-1.3315939523094502,1.3328940490806507
1.7327325613465003,8.370287442008825,-1.3066652559871492,1.3370483059025573
1.7282406066373068,8.351249566063881,-1.2813456585079483,1.3411234407349286
1.7239125624641938,8.332569464246477,-1.2556346818524586,1.3451182217831745
1.7197452969897764,8.314254253045428,-1.229531845409279,1.349031415743225
1.7157356727627668,8.29631102003037,-1.2030366659966911,1.3528617877934013
1.7118805517886495,8.278746823754549,-1.1761486578847857,1.356608101586356
1.7081768006808804,8.2615686937138,-1.1488673328180894,1.3602691192410847
1.7046212958921023,8.244783630359493,-1.1211922000388368,1.3638436013350077
1.7012109290249176,8.228398605162969,-1.093122766311215,1.367330306896128
1.69794261222179,8.212420560728892,-1.0646585359474185,1.370727993395269
1.6948132836336904,8.196856410954647,-1.0357990108380561,1.374035416738399
1.691819912967123,8.181713041232682,-1.006543690496648,1.3772513312590762
1.6889595071091197,8.166997308691986,-0.9768920721745362,1.3803744897111423
1.6862291158284937,8.152716042467548,-0.94684365195219,1.3834036432633159
1.6836255422519808,8.138874461284146,-0.9166109421930084,1.3863378769171393
1.6811451189073754,8.125474795885555,-0.8863782310366506,1.3891769004843264
1.6787840384833999,8.11251786295059,-0.8561455195849872,1.3919207139621905
1.6765386179052055,8.10000443459929,-0.825912808005046,1.3945693173500369
1.6744052987498772,8.087935240144779,-0.7956800963533868,1.3971227106475144
1.6723806476356389,8.076310967780142,-0.7654473846559194,1.3995808938543897
1.6704613565870279,8.065132266206044,-0.7352146729266612,1.4019438669704742
1.6686442433772228,8.054399746199337,-0.7049819611740491,1.404211629995585
1.6669262518485892,8.044113982122548,-0.674749249403555,1.4063841829295118
1.6653044522124554,8.034275513374036,-0.6445165376189292,1.4084615257719688
1.6637760413290774,8.024884845778626,-0.6142838258228547,1.4104436585224955
1.662338342968726,8.015942452918525,-0.584051114017316,1.4123305811801912
1.6609888080547694,8.00744877740432,-0.5538184022038233,1.4141222937427291
1.6597230799378644,7.9994045358225705,-0.5235856903861127,1.4153377461784509
1.658536406327758,7.991810490518255,-0.49335297856846955,1.4162346784507092
1.657426113594786,7.984667066461288,-0.46312026675308954,1.4169682493909672
1.656390506809142,7.977974531263251,-0.4328875549414347,1.4175784889942182
1.655428280437351,7.971733089616489,-0.40265484313500405,1.4180880448434088
1.6545383912727554,7.965942904082325,-0.37242213133556734,1.4185125474840896
1.653719995378107,7.960604105480963,-0.3421894195454037,1.4188639361769768
1.6529724087758713,7.955716799367765,-0.3119567077676578,1.419151919827536
1.6522950797325282,7.951281070575311,-0.2817239960069655,1.4193847393433503
1.6516875676092868,7.947296986649227,-0.2514912842706996,1.4195696126888029
1.651149525799015,7.943764600590767,-0.22125857257179068,1.419713016496459
1.6506806873743394,7.94068395313762,-0.19102586093636958,1.4198208756608874
1.650280852616817,7.938055074723945,-0.16079314943131914,1.4198986976202088
1.6499498778913637,7.935877987210278,-0.13056043834180805,1.4199516717261365
1.6496876076371874,7.934152324636362,-0.10037869036059079,1.4199847605556963
1.6494931968663633,7.9328729374049,-0.07083637075968538,1.420002870371057
1.649365129622,7.932030073041082,-0.041960431900716,1.4200107084276195
1.649301848481455,7.931613579586882,-0.013777000104381341,1.4200126194962681
1.6493018484773927,7.931613579560146,0.013776996526262207,1.4200126194962681
1.649364104686565,7.932023331886381,0.04105828698157562,1.4200140411140256
1.6494883055296063,7.9328408053469035,0.06834039598666691,1.4200197068394593
1.6496744265102636,7.934065904888616,0.09560876611267066,1.4200324555799602
1.6499223984218758,7.9356983190820625,0.12284876298338451,1.4200551465737128
1.6502321024935682,7.937737519556065,0.15004565890844052,1.420090663698865
1.6506033654752428,7.940182760182466,0.17718461554538428,1.4201419202561671
1.651035954659323,7.943033075993602,0.2042506653451491,1.4202118643644
1.6515295728350505,7.946287281811099,0.2312286914906821,1.4203034851388454
1.6520838531683844,7.949943970559853,0.25810340598254267,1.420419819865309
1.6526983539969775,7.9540015112354565,0.2848593254518377,1.4205639624400535
1.6533725535250834,7.958458046486573,0.31148074418352323,1.4207390734258094
1.6541058443971612,7.963311489765433,0.33795170370295424,1.4209483921853925
1.654897528120849,7.968559521989233,0.3642559581025026,1.4211952517121471
1.65574680929904,7.974199587642015,0.3903769340434484,1.4214830970037324
1.656652789615773,7.980228890229456,0.41629768403106066,1.4218155081601491
1.6576144614995936,7.986644386976493,0.44200083108043753,1.4221962298907167
1.658630701357897,7.993442782627214,0.46746850219051533,1.4226292098948603
1.659700262231397,8.00062052216462,0.4926822469951008,1.4231186498285657
1.6608217656506417,8.008173782208496,0.5176229363388835,1.4236690746368732
1.6619936923707632,8.016098460763114,0.5422706329248198,1.4242854296175744
1.6632143714870469,8.024390164855767,0.5666044218108184,1.4249732211288957
1.6644819671330493,8.033044195400528,0.5906021807805797,1.4257387296069832
1.6657944614050897,8.042055528277569,0.6142402558604961,1.4265893504845328
1.6671496310264629,8.051418790003508,0.637492976513937,1.427534181723505
1.6685450126775443,8.061128225161179,0.6603318725088565,1.4285851473335283
1.6699778448235212,8.071177650036754,0.6827242486884172,1.4297595151650286
1.6714449473427848,8.081560379167334,0.704629973718819,1.431087368805962
1.6729422729250174,8.092269070142827,0.7259881075875131,1.4326598204845071
1.6744621091830836,8.10329513911873,0.7466321528937913,1.4349786383925538
1.6759970532982704,8.114627680369155,0.7664338890124442,1.4373611430602995
1.677543267929794,8.126254296643795,0.7853929749418525,1.4398046813134613
1.679096982505023,8.138162566185928,0.8035090659059669,1.4423065988994603
1.68065450087439,8.150340041791594,0.8207818133354084,1.4448642404745575
1.682212208649506,8.162774250007649,0.8372108648495779,1.447474949591562
1.683766580223161,8.17545269046737,0.8527958642396105,1.4501360686876708
1.6853141854697953,8.188362835361788,0.8675364514521249,1.4528449390723241
1.6868516961249327,8.201492129044421,0.8814322625737431,1.455598900915043
1.6883758918420186,8.214827987766583,0.8944829298163748,1.45839529323323
1.6898836659250185,8.228357799539982,0.9066880815032594,1.4612314538799345
1.6913720307351037,8.242068924122908,0.9180473420557664,1.464104719531578
1.6928381227697051,8.255948693125832,0.9285603319809494,1.4670124256756423
1.6942792074121917,8.269984410231935,0.9382266678598555,1.469951906598321
1.6956926833504231,8.28416335152762,0.9470459623365881,1.4729204953721355
1.6970760866624093,8.298472765937815,0.9550178241081262,1.4759155238435195
1.6984270945673299,8.312899875760431,0.9621418579148938,1.4789343226203722
1.699743528840181,8.327431877294199,0.968417664532089,1.4819742210595832
1.7010233588883314,8.342055941553653,0.973844840761763,1.4850325472545318
1.702264704488325,8.35675921506496,0.9784229794256571,1.4881066280225632
1.7034658381812873,8.371528820735914,0.9821516693587927,1.4911937888924425
1.704625187325369,8.386351858793347,0.9850304954038178,1.4942913540917888
1.7057413358036908,8.401215407780928,0.9870590384061091,1.4973966465344961
1.7068130253863374,8.416106525610246,0.9882368752096311,1.5005069878081354
1.7078391567450129,8.431012250657918,0.9885635786535487,1.5036196981613474
1.7088187901190328,8.445919602901377,0.9880387175696009,1.5067320964912267
1.7097511456314196,8.460815585085896,0.9866618567802282,1.5098415003306946
1.710635603253943,8.47568718391544,0.98443255709746,1.512945225835871
1.7114717024200252,8.490521371259796,0.9813503753225594,1.5160405877734404
1.7122591412845214,8.50530510537056,0.9774148642464273,1.519124899508018
1.7129977756294732,8.520025332098522,0.9726255726507659,1.5221954729895166
1.7136876174150046,8.534668986105071,0.966982045310004,1.5252496187405158
1.7143288329746307,8.549222992060361,0.9604838229939817,1.5282846458436348
1.71492174085432,8.56367426582102,0.9531304424714026,1.5312978619289057
1.7154668092947363,8.57800971558042,0.9449214365140488,1.5342865731611492
1.715964653356159,8.592216242984643,0.935856333901771,1.5372480842273368
1.7164160316856625,8.60628074420746,0.9259346594282589,1.540179698323919
1.7168218429261908,8.620190110977921,0.9151559339076171,1.5430787171440488
1.717183121767241,8.633931231554362,0.9035196741818031,1.545942440864489
1.7175010346369266,8.647490991638932,0.8910253931291185,1.5487681681313679
1.7177834077996468,8.660857042371116,0.8777917913284115,1.550578474189384
1.718038780866697,8.674019001558293,0.8639557588457076,1.5522143281835314
1.7182696799192678,8.686967909134346,0.8495481369766277,1.5537190107726853
1.7184781726982652,8.69969523366827,0.8345923174484753,1.5551135554160984
1.7186660745822335,8.712192780139574,0.8191078196610879,1.5564111600154011
1.7188350279881106,8.724452638806637,0.803111675126877,1.5576211903117598
1.7189865429523674,8.736467151177385,0.7866191445311934,1.5587508087601567
1.719122020980623,8.748228885223643,0.7696441474118461,1.5598057794666906
1.7192427703400328,8.759730616297986,0.752199544120742,1.5607909174679873
1.7193500164879687,8.770965311874269,0.7342973328919261,1.5617103615917922
1.7194449095317799,8.781926119006439,0.7159487941690148,1.5625677508398905
1.7195285297822152,8.792606353806162,0.6971646002163114,1.5633663440341776
1.7196018920372298,8.802999492472052,0.6779549008313741,1.5641091041623336
1.7196659489978394,8.813099163544887,0.6583293920073708,1.5647987597490345
1.7197215940800203,8.822899141154169,0.6382973720711096,1.5654378507148778
1.7197696638020885,8.832393339082042,0.6178677883958812,1.566028763436853
1.719810939872999,8.841575805512614,0.5970492768756537,1.5665737580964356
1.7198461510713536,8.850440718364599,0.5758501957432947,1.5670749903983243
1.719875974980751,8.858982381127007,0.5542786549041665,1.5675345291034575
1.7199010396303387,8.867195219133725,0.5323425416691789,1.5679543704002743
1.7199219250775677,8.875073776225307,0.5100495435663588,1.5683364498555958
1.7199391649615987,8.882612711755622,0.4874071687608516,1.56868265249191
1.7199532480496094,8.889806797908609,0.4644227645029555,1.568994821401161
1.7199646197936502,8.89665091729624,0.44110353394098495,1.5692747652074366
1.719973683912309,8.903140060813584,0.41745655157281214,1.569524264620024
1.7199808040089053,8.909269325730786,0.3934887775615487,1.5697450782661049
1.7199863052360544,8.915033914005019,0.3692070711032963,1.5699389479534989
1.7199904760150315,8.920429130798128,0.34461820300556195,1.5701076034846495
1.7199935698173627,8.925450383188036,0.31972886761189895,1.570252767120916
1.7199958070153285,8.930093179063954,0.2945456941901897,1.5703761577793922
1.719997376807577,8.934353126197102,0.26907525788771974,1.5704794950316447
1.7199984392257452,8.938225931480275,0.24332409034502542,1.5705645029640252
1.7199991272278385,8.941707400330897,0.2172986900518796,1.5706329139519206
1.7199995488841053,8.94479343625348,0.19100553252227925,1.5706864723949674
1.719999789661262,8.947480040558602,0.16445108036062334,1.570726938456565
1.7199999148111327,8.949763312236618,0.13764179328819223,1.5707560918487289
1.7199999718700856,8.951639447985416,0.110584138197424,1.5707757357022876
1.719999993276077,8.95310474239262,0.08328459930124675,1.5707877005625737
1.719999999110623,8.95415558827367,0.055749688445844124,1.5707938485520767
1.71999999997366,8.954788477168421,0.027985955657732386,1.5707960777440477
1.7199999999999998,8.955,-1.9390126225719165e-32,1.5707963267948966
